/sobreapac /html/sobreapac.html 200
/asociarse /html/asociarse.html 200
/adopciones /html/adopciones.html 200
/adoptar /adopciones 301
/voluntarios /html/voluntarios.html 200
/veterinarias /html/veterinarias.html 200

#REDIRECCIONES IDs
/sobreapac/#sobrenosotros_info /sobreapac/#sobrenosotros_info 200